individu;campagne;comp_site;site;saison;longeur [cm];largeur [cm];epaisseur [cm];poid totale [mg];poids eaux [mg];poids tissus [mg];poids coquille [mg]
VD_A_1;1;VD_A;VD;Automne;2.8;1.4;1.1;1453;6.1;560;886.9
VD_A_2;1;VD_A;VD;Automne;3.7;2;1.4;4658.1;1985.9;1127.5;1544.7
VD_A_3;1;VD_A;VD;Automne;3.1;1.9;1.5;3938.7;1681.4;963.6;1293.7
VD_A_4;1;VD_A;VD;Automne;2.4;1.6;1.1;1702.3;693.1;449.9;559.3
VD_A_5;1;VD_A;VD;Automne;3.47;1.91;1.33;4323.2;1751.1;886.4;1685.7
VD_A_6;1;VD_A;VD;Automne;3.28;1.73;1.71;4591.6;1916.7;1157.7;1517.2
VD_A_7;1;VD_A;VD;Automne;3.43;1.78;1.38;4164.1;1764.6;862.4;1537.1
VD_A_8;1;VD_A;VD;Automne;3.22;1.85;1.41;4039.9;1930.7;909.8;1199.4
VD_A_9;1;VD_A;VD;Automne;2.38;1.25;0.89;1259.1;571.7;286.3;401.1
VD_A_10;1;VD_A;VD;Automne;3.47;1.77;1.28;3456;1422.1;829.9;1204
VD_A_11;1;VD_A;VD;Automne;3.88;2.01;1.53;5400.8;2371.7;1111.7;1917.4
VD_A_12;1;VD_A;VD;Automne;3.69;2.26;1.61;6030.7;2649.7;1417.4;1963.6
VD_A_13;1;VD_A;VD;Automne;2.6;1.49;1.07;1898.9;714.2;513.4;671.3
VD_A_14;1;VD_A;VD;Automne;2.5;1.44;0.85;1414.3;521.9;431.5;460.9
VD_A_15;1;VD_A;VD;Automne;1.92;1.1;0.7;667.4;223.4;207.9;236.1
VD_A_16;1;VD_A;VD;Automne;2.36;1.36;0.96;1447.6;609.3;346.1;492.2
VD_A_17;1;VD_A;VD;Automne;2.75;1.39;1.01;1655.5;552.9;474.5;628.1
VD_A_18;1;VD_A;VD;Automne;2.58;1.44;0.95;1585.8;757.1;314.2;514.5
VD_A_19;1;VD_A;VD;Automne;2.55;1.45;0.9;1565.8;675.7;364;526.1
VD_A_20;1;VD_A;VD;Automne;2.72;1.5;0.94;1887.3;844.4;378.3;664.6
VD_A_21;1;VD_A;VD;Automne;2.3;1.32;0.87;1194.9;535.6;302.1;357.2
VD_A_22;1;VD_A;VD;Automne;3.1;1.83;1.2;3165.5;942.9;912.2;1310.4
VD_A_23;1;VD_A;VD;Automne;2.53;1.3;0.87;1337.5;561;300.7;475.8
VD_A_24;1;VD_A;VD;Automne;2.32;1.35;0.8;1043.2;485.6;280.5;277.1
VD_A_25;1;VD_A;VD;Automne;2.33;1.39;0.95;1380.4;460.3;437.5;482.6
VD_A_26;1;VD_A;VD;Automne;2.45;1.55;1.01;1696.5;595.9;494.2;606.4
VD_A_27;1;VD_A;VD;Automne;2.54;1.63;1.2;2109.9;846.3;619.2;644.4
VD_A_28;1;VD_A;VD;Automne;2.5;1.4;1.08;1825.5;620.1;581.1;624.3
VD_A_29;1;VD_A;VD;Automne;2.27;1.47;0.85;1289.9;491.3;372.2;426.4
VD_A_30;1;VD_A;VD;Automne;2.25;1.22;0.8;928.1;356.8;266.4;304.9
VD_A_31;1;VD_A;VD;Automne;2.25;1.45;0.95;1391.9;473.8;429.8;488.3
VD_A_32;1;VD_A;VD;Automne;2.58;1.36;0.99;1651.3;642.4;411.6;597.3
VD_A_33;1;VD_A;VD;Automne;2.44;1.45;1.05;1549.7;651.7;400.9;497.1
VD_A_34;1;VD_A;VD;Automne;2.81;1.65;1.02;1938.2;865.4;481.5;591.3
VD_A_35;1;VD_A;VD;Automne;2.12;1.2;0.68;736.2;262.7;214.3;259.2
VD_A_36;1;VD_A;VD;Automne;2.79;1.51;0.96;1789.8;779.4;509.8;500.6
VD_A_37;1;VD_A;VD;Automne;2.27;1.32;0.94;1287.5;519.3;313.2;455
VD_A_38;1;VD_A;VD;Automne;2.19;1.24;0.81;947.5;328;269.7;349.8
VD_A_39;1;VD_A;VD;Automne;2.11;1.33;0.92;1130;373.3;337.8;418.9
VD_A_40;1;VD_A;VD;Automne;2.4;1.33;0.97;1447.8;844.7;244.4;358.7
VD_A_41;1;VD_A;VD;Automne;2.46;1.35;0.95;1475.5;548.1;441.9;485.5
VD_A_42;1;VD_A;VD;Automne;2.32;1.38;1.03;1384.7;547;369.5;468.2
VD_A_43;1;VD_A;VD;Automne;2.34;1.38;0.91;1314.1;546.6;324.2;443.3
VD_A_44;1;VD_A;VD;Automne;2.3;1.5;1.12;1697.8;707.2;442.4;548.2
VD_A_45;1;VD_A;VD;Automne;2.86;1.57;1.01;2139.4;1053.2;444;642.2
VD_A_46;1;VD_A;VD;Automne;2.87;1.59;1.04;2221.3;997.8;611;612.5
VD_A_47;1;VD_A;VD;Automne;2.39;1.32;0.89;1233.8;507;318.2;408.6
VD_A_48;1;VD_A;VD;Automne;2.31;1.38;0.88;1220.9;428.3;395.6;397
VD_A_49;1;VD_A;VD;Automne;2.22;1.31;0.86;1167.9;466.5;306.9;394.5
VD_A_50;1;VD_A;VD;Automne;2.67;1.47;1.52;2843.8;1347.1;592.8;903.9
VD_A_51;1;VD_A;VD;Automne;2.18;1.04;1.1;1217.3;528.2;198.5;490.6
VD_A_52;1;VD_A;VD;Automne;2.98;1.67;0.95;2008;672.7;694.1;641.2
VD_A_53;1;VD_A;VD;Automne;2.73;1.6;1.07;1945.8;858.3;478.2;609.3
VD_A_54;1;VD_A;VD;Automne;2.3;1.28;0.87;1212.2;443.8;374.5;393.9
VD_A_55;1;VD_A;VD;Automne;2.18;1.24;0.85;1064.2;421.5;320.4;322.3
VD_A_56;1;VD_A;VD;Automne;2.51;1.49;1.05;1698.4;652.5;481.8;564.1
VD_A_57;1;VD_A;VD;Automne;2.15;1.3;0.85;1107.2;424;325.4;357.8
VD_A_58;1;VD_A;VD;Automne;1.7;1.09;0.72;622.7;251.8;162;208.9
VD_A_59;1;VD_A;VD;Automne;2.67;1.52;1.05;1846.5;962.9;442;441.6
VD_A_60;1;VD_A;VD;Automne;2.95;1.63;1.2;2531.4;1062;711;758.4
VD_A_61;1;VD_A;VD;Automne;1.98;1.2;0.84;957.8;438.5;278.2;241.1
VD_A_62;1;VD_A;VD;Automne;2.1;1.26;0.88;995;335.8;351.1;308.1
VD_A_63;1;VD_A;VD;Automne;2.84;1.48;1.1;2040;778;539.7;722.3
VD_A_64;1;VD_A;VD;Automne;2.45;1.4;0.94;1379.5;566.2;351.6;461.7
VD_A_65;1;VD_A;VD;Automne;2.2;1.27;0.87;830.3;101.8;332;396.5
VD_A_66;1;VD_A;VD;Automne;2.38;1.33;0.93;1370.1;508.6;382.7;478.8
VD_A_67;1;VD_A;VD;Automne;2.3;1.35;0.88;1244.3;417.1;419.1;408.1
VD_A_68;1;VD_A;VD;Automne;2.5;1.44;0.95;1437.2;555.8;401.6;479.8
VD_A_69;1;VD_A;VD;Automne;2.13;1.3;0.75;971.7;370.7;283.3;317.7
VD_A_70;1;VD_A;VD;Automne;2.23;1.23;0.85;1163.6;363.1;391.1;409.4
VD_A_71;1;VD_A;VD;Automne;2.53;1.61;1.15;2019.3;939.7;484.1;595.5
VD_A_72;1;VD_A;VD;Automne;2.4;1.5;0.88;1465;513.2;452.7;499.1
VD_A_73;1;VD_A;VD;Automne;2.76;1.48;1.16;2093.4;917.5;534.8;641.1
VD_A_74;1;VD_A;VD;Automne;2.4;1.3;0.78;1132.2;472;302.6;357.6
VD_A_75;1;VD_A;VD;Automne;2.6;1.42;0.89;1465.2;605.2;475.1;384.9
VD_A_76;1;VD_A;VD;Automne;2.2;1.22;0.8;947.7;450.7;232.7;264.3
VD_A_77;1;VD_A;VD;Automne;2.5;1.35;0.98;1527.9;708;341.4;478.5
VD_A_78;1;VD_A;VD;Automne;2.42;1.37;0.97;1510.5;745.9;391.3;373.3
VD_A_79;1;VD_A;VD;Automne;2.37;1.4;1.06;1550.7;648;398.7;504
VD_A_80;1;VD_A;VD;Automne;2.37;1.51;0.98;1516.8;573.9;436.4;506.5
VD_A_81;1;VD_A;VD;Automne;2.44;1.46;0.97;1513.1;706.4;376.9;429.8
VD_A_82;1;VD_A;VD;Automne;2.27;1.31;0.85;1162.7;473.3;282.6;406.8
VD_A_83;1;VD_A;VD;Automne;2.4;1.33;0.93;1370.9;630.9;364.5;375.5
VD_A_84;1;VD_A;VD;Automne;2.53;1.6;1.3;2364.5;1040.4;559;765.1
VD_A_85;1;VD_A;VD;Automne;2.7;1.35;0.91;1575.6;707.3;336.9;531.4
VD_A_86;1;VD_A;VD;Automne;2.84;1.6;1.03;2037.1;1019.5;487.1;530.5
VD_A_87;1;VD_A;VD;Automne;2.55;1.62;0.94;1576.3;596.8;492.7;486.8
VD_A_88;1;VD_A;VD;Automne;2.5;1.5;1.03;1636.5;509;589.7;537.8
VD_A_89;1;VD_A;VD;Automne;2.42;1.5;0.98;1498.4;531.4;448.4;518.6
VD_A_90;1;VD_A;VD;Automne;2.23;1.41;0.95;1304.1;495.7;402.6;405.8
VD_A_91;1;VD_A;VD;Automne;2.27;1.32;0.71;969.3;406.2;259.6;303.5
VD_A_92;1;VD_A;VD;Automne;1.85;1.23;0.92;992.5;364;317.1;311.4
VD_A_93;1;VD_A;VD;Automne;2.52;1.38;0.88;1346.2;658.6;280.9;406.7
VD_A_94;1;VD_A;VD;Automne;3.02;1.66;0.96;2165.5;987.7;501.7;676.1
VD_A_95;1;VD_A;VD;Automne;2.06;1.2;0.72;824.6;339.2;212.7;272.7
VD_A_96;1;VD_A;VD;Automne;2.05;1.26;0.8;936.5;341.1;250.7;344.7
VD_A_97;1;VD_A;VD;Automne;2.43;1.25;0.9;1217.4;517.1;359.5;340.8
VD_A_98;1;VD_A;VD;Automne;2.69;1.59;1.04;1851.5;841.6;477.2;532.7
VD_A_99;1;VD_A;VD;Automne;2.53;1.43;1.02;1669.2;768.1;410.6;490.5
VD_A_100;1;VD_A;VD;Automne;2.35;1.3;0.87;1175.9;432.3;339.1;404.5
VD_A_101;1;VD_A;VD;Automne;3.16;1.62;1.16;2749.7;1245.6;654.9;849.2
VD_A_102;1;VD_A;VD;Automne;2.74;1.73;1.23;2667.5;1277.6;557;832.9
VD_A_103;1;VD_A;VD;Automne;2.52;1.45;0.92;1577.4;742.3;336.8;498.3
VD_A_104;1;VD_A;VD;Automne;2.85;1.56;1.06;2030.6;796.2;583.4;651
VD_A_105;1;VD_A;VD;Automne;2.56;1.53;1.1;1959.6;803.5;509.8;646.3
VD_A_106;1;VD_A;VD;Automne;2.5;1.5;0.96;1632.5;687.7;450.7;494.1
VD_A_107;1;VD_A;VD;Automne;2.56;1.4;0.89;1447.9;731.8;294;422.1
VD_A_108;1;VD_A;VD;Automne;2.5;1.47;1.08;1773.2;759.9;508;505.3
VD_A_109;1;VD_A;VD;Automne;2.47;1.47;0.95;1467.3;497.8;483.7;485.8
VD_A_110;1;VD_A;VD;Automne;2.47;1.45;1.04;1621.4;684.5;440.7;496.2
VD_A_111;1;VD_A;VD;Automne;1.91;1.4;1.1;1173.8;510.8;334.4;328.6
VD_A_112;1;VD_A;VD;Automne;2.23;1.16;0.81;941.9;430.4;197.7;313.8
VD_A_113;1;VD_A;VD;Automne;2.44;1.45;0.76;1324.6;496.3;388.2;440.1
VD_A_114;1;VD_A;VD;Automne;2.79;1.41;1.17;2051.1;882.3;488.7;680.1
VD_A_115;1;VD_A;VD;Automne;2.38;1.36;0.9;1239.8;454.4;380.1;405.3
VD_A_116;1;VD_A;VD;Automne;2.47;1.57;1.13;1869.7;780.4;527.9;561.4
VD_A_117;1;VD_A;VD;Automne;2.66;1.56;1.13;2049.7;863.9;553.3;632.5
VD_A_118;1;VD_A;VD;Automne;2.35;1.4;0.99;1390.9;540.8;412.6;437.5
VD_A_119;1;VD_A;VD;Automne;2.57;1.42;0.9;1575.8;626.3;489;460.5
VD_A_120;1;VD_A;VD;Automne;2.28;1.41;1;1471.4;525.5;454.8;491.1
VD_A_121;1;VD_A;VD;Automne;2.3;1.44;0.94;1388.5;559.1;406.5;422.9
SP_A_1;2;SP_A;SP;Automne;3.05;1.59;1.07;2572.3;1150;514.1;908.2
SP_A_2;2;SP_A;SP;Automne;2.85;1.6;1;2051.5;1066.7;448.3;536.5
SP_A_3;2;SP_A;SP;Automne;2.7;1.62;1.08;2254.6;990.1;543.4;721.1
SP_A_4;2;SP_A;SP;Automne;2.48;1.28;0.9;1304.2;572.1;284.3;447.8
SP_A_5;2;SP_A;SP;Automne;2.43;1.31;0.94;1378.9;561;430.7;387.2
SP_A_6;2;SP_A;SP;Automne;2.92;1.56;1.01;2195.8;969.6;451.1;775.1
SP_A_7;2;SP_A;SP;Automne;2.1;1.25;0.8;946.6;457.2;225.5;263.9
SP_A_8;2;SP_A;SP;Automne;2.46;1.48;0.98;1779.6;841.8;387.5;550.3
SP_A_9;2;SP_A;SP;Automne;2.71;1.46;1.12;2050;928.5;465.6;655.9
SP_A_10;2;SP_A;SP;Automne;2.72;1.52;1.02;1962.2;930.5;410.7;621
SP_A_11;2;SP_A;SP;Automne;2.98;1.4;1;2063.9;921.1;413.3;729.5
SP_A_12;2;SP_A;SP;Automne;2.58;1.55;1.28;2455.7;1184.4;481.4;789.9
SP_A_13;2;SP_A;SP;Automne;2.68;1.39;1.23;1982.9;907.4;429.4;646.1
SP_A_14;2;SP_A;SP;Automne;2.95;1.66;1.25;2720.3;1156.2;607.7;956.4
SP_A_15;2;SP_A;SP;Automne;2.67;1.5;1.06;1993.6;973.4;460.1;560.1
SP_A_16;2;SP_A;SP;Automne;2.31;1.27;0.98;1197.8;555.4;303.5;338.9
SP_A_17;2;SP_A;SP;Automne;2.63;1.35;0.96;1626.9;756.4;331.4;539.1
SP_A_18;2;SP_A;SP;Automne;2.47;1.36;0.95;1675.2;860;378.8;436.4
SP_A_19;2;SP_A;SP;Automne;2.62;1.49;1.08;1955.6;956;412.1;587.5
SP_A_20;2;SP_A;SP;Automne;2.93;1.64;1.22;2838.9;1227.7;651.6;959.6
SP_A_21;2;SP_A;SP;Automne;2.42;1.28;0.75;1064.1;466.3;265.9;331.9
SP_A_22;2;SP_A;SP;Automne;3.02;1.66;1.23;2800.4;1449;522.6;828.8
SP_A_23;2;SP_A;SP;Automne;2.77;1.47;1.03;1937.3;894.2;427.5;615.6
SP_A_24;2;SP_A;SP;Automne;2.3;1.2;0.85;1117.1;508.7;250.6;357.8
SP_A_25;2;SP_A;SP;Automne;2.32;1.35;0.9;1258.5;695.9;247.8;314.8
SP_A_26;2;SP_A;SP;Automne;2.94;1.68;1.06;2297.3;1111.4;558.4;627.5
SP_A_27;2;SP_A;SP;Automne;2.61;1.58;1.09;2035.8;1041.6;433.6;560.6
SP_A_28;2;SP_A;SP;Automne;2.92;1.51;1.14;2476.5;1230.7;511.3;734.5
SP_A_29;2;SP_A;SP;Automne;2.67;1.35;0.95;1765.2;860.1;391;514.1
SP_A_30;2;SP_A;SP;Automne;2.49;1.47;0.91;1458.5;625.6;320.4;512.5
SP_A_31;2;SP_A;SP;Automne;3.38;1.85;1.28;3363.8;1628.5;671.8;1063.5
SP_A_32;2;SP_A;SP;Automne;2.17;1.24;0.73;900.4;509.2;134.2;257
SP_A_33;2;SP_A;SP;Automne;2.44;1.28;0.79;1202.8;605.2;273.8;323.8
SP_A_34;2;SP_A;SP;Automne;2.94;1.45;0.97;1911.7;948.3;414.6;548.8
SP_A_35;2;SP_A;SP;Automne;3.13;1.84;1.22;3085.7;1620.1;587.1;878.5
SP_A_36;2;SP_A;SP;Automne;3.05;1.7;1.23;2927.4;1333.4;533.2;1060.8
SP_A_37;2;SP_A;SP;Automne;2.36;1.3;0.82;1139.4;515.7;260.5;363.2
SP_A_38;2;SP_A;SP;Automne;2.33;1.25;0.77;1033.2;487.4;253;292.8
SP_A_39;2;SP_A;SP;Automne;2.85;1.46;1;2004.3;967.8;410.6;625.9
SP_A_40;2;SP_A;SP;Automne;2.72;1.47;1.01;1968.2;990.3;394.7;583.2
SP_A_41;2;SP_A;SP;Automne;3.07;1.71;1.13;2678.6;1499.1;485.8;693.7
SP_A_42;2;SP_A;SP;Automne;2.86;1.47;0.94;2005.5;891.8;465.3;648.4
SP_A_43;2;SP_A;SP;Automne;2.94;1.65;1.04;2272.2;1125.1;512;635.1
SP_A_44;2;SP_A;SP;Automne;3.01;1.75;1.26;2905;1609;478.5;817.5
SP_A_45;2;SP_A;SP;Automne;3.06;1.8;1.33;3447.2;1626.9;772.5;1047.8
SP_A_46;2;SP_A;SP;Automne;3.27;1.97;1.22;3582.1;1873;725.7;983.4
SP_A_47;2;SP_A;SP;Automne;3.36;1.85;1.31;3730.2;2006.3;654.1;1069.8
SP_A_48;2;SP_A;SP;Automne;2.59;1.46;1.12;1986.9;925.7;461;600.2
SP_A_49;2;SP_A;SP;Automne;2.64;1.36;1.11;1799.1;880.8;408.4;509.9
SP_A_50;2;SP_A;SP;Automne;2.48;1.36;0.88;1377.6;673.1;325.8;378.7
SP_A_51;2;SP_A;SP;Automne;2.2;1.3;0.91;1301.5;619;305.3;377.2
SP_A_52;2;SP_A;SP;Automne;2.18;1.16;0.73;845.2;420.6;191.7;232.9
SP_A_53;2;SP_A;SP;Automne;2.23;1.17;0.77;955.3;448.1;222;285.2
SP_A_54;2;SP_A;SP;Automne;3.03;1.61;0.98;2142.2;995.2;431;716
SP_A_55;2;SP_A;SP;Automne;3.15;1.73;1.11;2750.6;1403.8;552;794.8
SP_A_56;2;SP_A;SP;Automne;3.01;1.68;1.3;3025;1498.6;518.7;1007.7
SP_A_57;2;SP_A;SP;Automne;2.77;1.53;1.19;2179.3;1109.5;449.4;620.4
SP_A_58;2;SP_A;SP;Automne;3.06;1.68;1.14;2642.3;1300.7;530.6;811
SP_A_59;2;SP_A;SP;Automne;2.75;1.5;0.99;1940.7;832.9;434.5;673.3
SP_A_60;2;SP_A;SP;Automne;2.12;1.17;0.69;755.3;358;167.7;229.6
SP_A_61;2;SP_A;SP;Automne;3.06;1.75;1.28;2985.9;1422.1;736.7;827.1
SP_A_62;2;SP_A;SP;Automne;2.7;1.45;0.95;1724.4;826.4;414.9;483.1
SP_A_63;2;SP_A;SP;Automne;2.2;1.08;0.79;894.2;389.5;201.7;303
SP_A_64;2;SP_A;SP;Automne;3.05;1.6;1.12;2686.7;1207.8;521.4;957.5
SP_A_65;2;SP_A;SP;Automne;3.05;1.65;1.38;3350.5;1645.7;669.8;1035
SP_A_66;2;SP_A;SP;Automne;2.91;1.53;1;2089.7;938;496;655.7
SP_A_67;2;SP_A;SP;Automne;3.3;1.88;1.3;3567.5;1772.9;796.3;998.3
SP_A_68;2;SP_A;SP;Automne;3.11;1.5;1.03;2388.5;1034;504.4;850.1
SP_A_69;2;SP_A;SP;Automne;2.27;1.13;0.89;1033.6;471.2;231.8;330.6
SP_A_70;2;SP_A;SP;Automne;2.05;1.06;0.81;781.9;340;217.2;224.7
SP_A_71;2;SP_A;SP;Automne;2.16;1.29;0.79;980;447.5;191.7;340.8
SP_A_72;2;SP_A;SP;Automne;2.13;1.21;0.81;907.6;501.3;188.4;217.9
SP_A_73;2;SP_A;SP;Automne;2.87;1.47;1.02;2114.7;947;461.6;706.1
SP_A_74;2;SP_A;SP;Automne;3.1;1.64;1.04;2476.8;1164.3;648.7;663.8
SP_A_75;2;SP_A;SP;Automne;3.3;1.95;1.13;3215.8;1509.9;741;964.9
SP_A_76;2;SP_A;SP;Automne;2.52;1.27;0.89;1410.6;598.1;372.2;440.3
SP_A_77;2;SP_A;SP;Automne;2.19;1.05;0.69;739.3;301.2;199.5;238.6
SP_A_78;2;SP_A;SP;Automne;2.29;1.23;0.83;1036.1;602.5;144.8;288.8
SP_A_79;2;SP_A;SP;Automne;2.04;1.1;0.71;742.8;294.7;189.8;258.3
SP_A_80;2;SP_A;SP;Automne;2.72;1.41;0.97;1854.3;847.3;456.9;550.1
SP_A_81;2;SP_A;SP;Automne;3.04;1.63;1.2;2749;1471.6;559.3;718.1
SP_A_82;2;SP_A;SP;Automne;3.16;1.61;1.22;2838.5;1289.4;546.9;1002.2
SP_A_83;2;SP_A;SP;Automne;2.25;1.24;0.76;991.2;425.5;238.2;327.5
SP_A_84;2;SP_A;SP;Automne;2.89;1.48;1.01;2045.3;978.3;396.3;670.7
SP_A_85;2;SP_A;SP;Automne;2.14;1.2;0.87;999.7;515.6;203.7;280.4
SP_A_86;2;SP_A;SP;Automne;2.53;1.32;0.86;1338.1;619.5;319.9;398.7
SP_A_87;2;SP_A;SP;Automne;3.34;1.78;1.2;3374.2;1710.4;642.3;1021.5
SP_A_88;2;SP_A;SP;Automne;3.62;1.85;1.45;4360.1;2106.4;843.1;1410.6
SP_A_89;2;SP_A;SP;Automne;2.48;1.38;0.92;1510.3;677.5;338.1;494.7
SP_A_90;2;SP_A;SP;Automne;2.6;1.41;1.03;1857;796.1;463.8;597.1
SP_A_91;2;SP_A;SP;Automne;3.45;1.8;1.23;3487.6;1738.7;688.2;1060.7
SP_A_92;2;SP_A;SP;Automne;3.13;1.67;1.19;2933.8;1350.8;565.7;1017.3
SP_A_93;2;SP_A;SP;Automne;3.03;1.7;1.31;3043.3;1447.5;678;917.8
SP_A_94;2;SP_A;SP;Automne;2.89;1.5;1.01;2109.7;837.8;490.4;781.5
SP_A_95;2;SP_A;SP;Automne;2.49;1.35;1.01;1635.7;711.8;356.3;567.6
SP_A_96;2;SP_A;SP;Automne;2.02;1.15;0.75;778.9;305.1;211.2;262.6
SP_A_97;2;SP_A;SP;Automne;2.23;1.23;0.83;1050.6;412;274.3;364.3
SP_A_98;2;SP_A;SP;Automne;2.02;1.16;0.88;963.7;415.2;220.3;328.2
SP_A_99;2;SP_A;SP;Automne;2.27;1.23;0.86;1112.9;543.5;242.1;327.3
SP_A_100;2;SP_A;SP;Automne;3.23;1.63;1.35;3259.3;1679.1;630.6;949.6
SP_A_101;2;SP_A;SP;Automne;3.32;1.7;1.3;3609.8;1770.2;633.9;1205.7
SP_A_102;2;SP_A;SP;Automne;2.49;1.25;0.85;1318.8;496.5;349.4;472.9
SP_A_103;2;SP_A;SP;Automne;1.97;1.14;0.73;758.6;289.1;207.3;262.2
SP_A_104;2;SP_A;SP;Automne;2.27;1.51;1.11;2228.5;1070.2;463.1;695.2
SP_A_105;2;SP_A;SP;Automne;2.9;1.63;1.16;2536.7;1266.3;544.8;725.6
SP_A_106;2;SP_A;SP;Automne;2.58;1.37;0.96;1642.7;591.2;413.1;638.4
SP_A_107;2;SP_A;SP;Automne;2.41;1.31;0.93;1330.8;548.3;354.1;428.4
SP_A_108;2;SP_A;SP;Automne;2.13;1.13;0.68;767.2;327;202.6;237.6
SP_A_109;2;SP_A;SP;Automne;2.83;1.69;1.05;2364.7;931.4;679.5;753.8
SP_A_110;2;SP_A;SP;Automne;2.53;1.43;1.18;1956.2;861.9;464.2;630.1
SP_A_111;2;SP_A;SP;Automne;2.82;1.42;1.03;1818.6;711.2;463.1;644.3
SP_A_112;2;SP_A;SP;Automne;2.55;1.46;1.05;1842.9;970.6;335.4;536.9
SP_A_113;2;SP_A;SP;Automne;2.86;1.52;0.98;2011.1;920;424;667.1
SP_A_114;2;SP_A;SP;Automne;2.89;1.64;1.07;2299.8;1124;482.4;693.4
SP_A_115;2;SP_A;SP;Automne;2.11;1.19;0.82;922.5;367.5;241.7;313.3
SP_A_116;2;SP_A;SP;Automne;2.59;1.43;0.96;1557.6;657.5;378.8;521.3
SP_A_117;2;SP_A;SP;Automne;2.64;1.47;1.07;2045.9;905.7;376.5;763.7
SP_A_118;2;SP_A;SP;Automne;2.47;1.36;1.06;1716.8;698.6;386.4;631.8
SP_A_119;2;SP_A;SP;Automne;2.88;1.5;0.98;2075.2;889.2;501.7;684.3
SP_A_120;2;SP_A;SP;Automne;2.17;1.19;0.83;1012.7;411.9;294;306.8
VD_H_1;3;VD_H;VD;Hiver;2.57;1.45;0.97;1526.3;695.2;329.9;501.2
VD_H_2;3;VD_H;VD;Hiver;2.6;1.34;0.89;1461.3;672.3;337.5;451.5
VD_H_3;3;VD_H;VD;Hiver;2.75;1.62;1.03;2078.1;1011.4;426.8;639.9
VD_H_4;3;VD_H;VD;Hiver;2.61;1.67;1.14;2142.4;878.8;574.1;689.5
VD_H_5;3;VD_H;VD;Hiver;2.85;1.74;1.1;2538.7;992.6;623.2;922.9
VD_H_6;3;VD_H;VD;Hiver;2.5;1.41;1.04;1839.2;633.5;513.9;691.8
VD_H_7;3;VD_H;VD;Hiver;3;1.56;1.03;2348.4;1106.7;495.6;746.1
VD_H_8;3;VD_H;VD;Hiver;2.78;1.68;1.14;2529.3;1075.5;519.2;934.6
VD_H_9;3;VD_H;VD;Hiver;2.91;1.58;0.99;2033.3;987.9;432.9;612.5
VD_H_10;3;VD_H;VD;Hiver;2.75;1.37;1.07;1725.7;658.9;435.5;631.3
VD_H_11;3;VD_H;VD;Hiver;2.86;1.5;0.94;1816.5;779.4;494.7;542.4
VD_H_12;3;VD_H;VD;Hiver;2.89;1.73;1.36;2992.8;1301.8;643.1;1047.9
VD_H_13;3;VD_H;VD;Hiver;2.65;1.47;0.99;1728.1;755.7;409.4;563
VD_H_14;3;VD_H;VD;Hiver;2.92;1.52;1.06;2005;818.4;547.2;639.4
VD_H_15;3;VD_H;VD;Hiver;2.7;1.51;0.97;1746.1;732.2;453.1;560.8
VD_H_16;3;VD_H;VD;Hiver;2.55;1.46;0.88;1548;629.4;370.5;548.1
VD_H_17;3;VD_H;VD;Hiver;2.71;1.55;1.18;1530.8;334.4;479.1;717.3
VD_H_18;3;VD_H;VD;Hiver;3.14;1.73;1.05;2808.2;1241.4;574.9;991.9
VD_H_19;3;VD_H;VD;Hiver;2.41;1.44;0.98;1626.5;710.5;381.7;534.3
VD_H_20;3;VD_H;VD;Hiver;3.16;1.86;1.16;2980.5;1464.7;582.3;933.5
VD_H_21;3;VD_H;VD;Hiver;2.95;1.65;1.12;2441.2;1101.5;578.4;761.3
VD_H_22;3;VD_H;VD;Hiver;3.13;1.76;1.25;3255.5;1339.3;687.7;1228.5
VD_H_23;3;VD_H;VD;Hiver;2.31;1.4;0.91;1338.5;488.2;377.6;472.7
VD_H_24;3;VD_H;VD;Hiver;2.85;1.52;0.95;1836.6;833.7;479.9;523
VD_H_25;3;VD_H;VD;Hiver;2.53;1.51;1.06;1873.1;781.8;486.6;604.7
VD_H_26;3;VD_H;VD;Hiver;2.78;1.47;1.07;2035;769.2;531.9;733.9
VD_H_27;3;VD_H;VD;Hiver;2.81;1.65;1.18;2388.8;1144.6;555.2;689
VD_H_28;3;VD_H;VD;Hiver;2.85;1.63;1.07;2294.1;1068.5;514.2;711.4
VD_H_29;3;VD_H;VD;Hiver;2.1;1.23;0.8;926.9;385.9;248.1;292.9
VD_H_30;3;VD_H;VD;Hiver;2.97;1.64;1.11;2223.8;1068.1;545.3;610.4
VD_H_31;3;VD_H;VD;Hiver;2.44;1.42;0.94;982.2;207.2;378.4;396.6
VD_H_32;3;VD_H;VD;Hiver;2.64;1.63;1;1815.3;750.6;469.5;595.2
VD_H_33;3;VD_H;VD;Hiver;2.09;1.18;0.84;923.6;374.9;222.6;326.1
VD_H_34;3;VD_H;VD;Hiver;2.6;1.63;1.15;2117.9;982.9;471.5;663.5
VD_H_35;3;VD_H;VD;Hiver;3.06;1.8;1.38;3620.5;2024;566.6;1029.9
VD_H_36;3;VD_H;VD;Hiver;2.59;1.47;1.03;1789.4;741;480.7;567.7
VD_H_37;3;VD_H;VD;Hiver;2.44;1.38;0.98;1550.1;637.5;427.1;485.5
VD_H_38;3;VD_H;VD;Hiver;2.54;1.34;0.84;1386.8;610.9;355.9;420
VD_H_39;3;VD_H;VD;Hiver;2.67;1.59;1.21;2359.1;1113.2;546.5;699.4
VD_H_40;3;VD_H;VD;Hiver;3.27;1.59;1.35;3504.1;1578.1;717.6;1208.4
VD_H_41;3;VD_H;VD;Hiver;3.19;1.71;1.31;3275.8;1554.9;625;1095.9
VD_H_42;3;VD_H;VD;Hiver;3.05;1.62;1.27;3281.5;1307.9;772;1201.6
VD_H_43;3;VD_H;VD;Hiver;2.81;1.55;1.07;1807.5;632;537.8;637.7
VD_H_44;3;VD_H;VD;Hiver;2.99;1.72;1.24;2963.7;1529.3;558.9;875.5
VD_H_45;3;VD_H;VD;Hiver;2.65;1.49;1.16;2122.3;1055.6;491.4;575.3
VD_H_46;3;VD_H;VD;Hiver;2.36;1.47;0.91;1302;542.5;331;428.5
VD_H_47;3;VD_H;VD;Hiver;2.33;1.4;0.94;1396.7;704.3;228.5;463.9
VD_H_48;3;VD_H;VD;Hiver;2.69;1.42;1.01;1961.3;819.2;471.2;670.9
VD_H_49;3;VD_H;VD;Hiver;2.3;1.4;0.86;1367;626.4;346.9;393.7
VD_H_50;3;VD_H;VD;Hiver;2.47;1.39;0.94;1517.9;645.1;353.2;519.6
VD_H_51;3;VD_H;VD;Hiver;2.73;1.55;1.17;2270.5;1047.2;458.3;765
VD_H_52;3;VD_H;VD;Hiver;2.81;1.62;0.93;1872.4;899.5;416.9;556
VD_H_53;3;VD_H;VD;Hiver;2.52;1.45;1.08;1710.6;784.7;360.9;565
VD_H_54;3;VD_H;VD;Hiver;2.45;1.28;0.74;1128.3;477.5;281.1;369.7
VD_H_55;3;VD_H;VD;Hiver;3.22;1.92;1.61;4344.7;2204.9;885.9;1253.9
VD_H_56;3;VD_H;VD;Hiver;3.24;1.91;1.28;3674.4;1806.9;771.8;1095.7
VD_H_57;3;VD_H;VD;Hiver;2.5;1.39;0.86;1301.2;576.4;332.7;392.1
VD_H_58;3;VD_H;VD;Hiver;2.66;1.54;0.97;1699;694.3;440.6;564.1
VD_H_59;3;VD_H;VD;Hiver;3.27;1.7;1.15;2940.3;1390.9;682.3;867.1
VD_H_60;3;VD_H;VD;Hiver;2.42;1.38;1;1509.8;694.3;349.9;465.6
VD_H_61;3;VD_H;VD;Hiver;2.86;1.7;1.24;2733.8;1364.5;519.6;849.7
VD_H_62;3;VD_H;VD;Hiver;2.61;1.39;0.91;1628.3;736.3;359.3;532.7
VD_H_63;3;VD_H;VD;Hiver;3.17;1.61;1.15;3177.5;1377.4;662.6;1137.5
VD_H_64;3;VD_H;VD;Hiver;2.98;1.7;1.19;2786.6;1246.5;691.8;848.3
VD_H_65;3;VD_H;VD;Hiver;3.07;1.94;1.35;3477.1;1541.1;787.1;1148.9
VD_H_66;3;VD_H;VD;Hiver;2.59;1.46;0.97;1658.2;678.9;440.2;539.1
VD_H_67;3;VD_H;VD;Hiver;2.49;1.45;1.15;1924.4;813.9;485.7;624.8
VD_H_68;3;VD_H;VD;Hiver;2.5;1.5;1.07;1773.9;857.5;405.3;511.1
VD_H_69;3;VD_H;VD;Hiver;2.51;1.33;0.94;1423.3;587.2;351.7;484.4
VD_H_70;3;VD_H;VD;Hiver;3.09;1.59;1.1;2643.2;1084.5;651.3;907.4
VD_H_71;3;VD_H;VD;Hiver;2.43;1.41;1.05;1742.7;736.8;450.4;555.5
VD_H_72;3;VD_H;VD;Hiver;3.05;1.61;1.22;2979;1327.1;597.8;1054.1
VD_H_73;3;VD_H;VD;Hiver;2.68;1.55;0.95;4017.1;1738.4;891.5;1387.2
VD_H_74;3;VD_H;VD;Hiver;2.79;1.55;1.02;2044.8;938.8;474.6;631.4
VD_H_75;3;VD_H;VD;Hiver;3;1.65;1.17;2888.1;1166;618.5;1103.6
VD_H_76;3;VD_H;VD;Hiver;2.86;1.68;1.15;2396.1;1212.9;532.6;650.6
VD_H_77;3;VD_H;VD;Hiver;2.85;1.57;1.22;2810.9;1056.4;613;1141.5
VD_H_78;3;VD_H;VD;Hiver;2.92;1.58;1.16;2599.2;1060.9;656.5;881.8
VD_H_79;3;VD_H;VD;Hiver;2.47;1.4;0.91;1486;603.8;382.6;499.6
VD_H_80;3;VD_H;VD;Hiver;2.34;1.23;0.93;1341.5;544.3;319.9;477.3
VD_H_81;3;VD_H;VD;Hiver;2.52;1.42;1.14;2154;900.5;543;710.5
VD_H_82;3;VD_H;VD;Hiver;2.99;1.65;1.07;2387.3;1079.5;565.6;742.2
VD_H_83;3;VD_H;VD;Hiver;2.68;1.48;0.98;1878.2;858.7;431.5;588
VD_H_84;3;VD_H;VD;Hiver;2.35;1.42;0.92;1398.2;539.6;374.8;483.8
VD_H_85;3;VD_H;VD;Hiver;2.84;1.66;1.11;2456.8;1097.6;568.2;791
VD_H_86;3;VD_H;VD;Hiver;2.4;1.4;0.86;1256.2;636;293.9;326.3
VD_H_87;3;VD_H;VD;Hiver;2.43;1.43;0.98;1525.2;660.7;412.7;451.8
VD_H_88;3;VD_H;VD;Hiver;2.83;1.61;1.31;2761.1;1320.8;631.3;809
VD_H_89;3;VD_H;VD;Hiver;2.61;1.5;1.11;2043.7;875.1;515.3;653.3
VD_H_90;3;VD_H;VD;Hiver;2.58;1.45;1.12;2005.1;1068.3;446.3;490.5
VD_H_91;3;VD_H;VD;Hiver;2.66;1.4;1.26;2193.9;1069.8;455.4;668.7
VD_H_92;3;VD_H;VD;Hiver;1.95;1.13;0.83;846;351.4;225.4;269.2
VD_H_93;3;VD_H;VD;Hiver;2.37;1.28;0.87;1277.1;586;321;370.1
VD_H_94;3;VD_H;VD;Hiver;3.18;1.85;1.26;3412;1572.1;704.5;1135.4
VD_H_95;3;VD_H;VD;Hiver;3.14;1.88;1.32;3700.4;1672.1;673.5;1354.8
VD_H_96;3;VD_H;VD;Hiver;3.31;1.73;1.21;3341.4;1583.8;696.2;1061.4
VD_H_97;3;VD_H;VD;Hiver;2.5;1.31;1.16;1738.9;729.8;429.9;579.2
VD_H_98;3;VD_H;VD;Hiver;2.81;1.63;0.97;2221.8;1099;445.5;677.3
VD_H_99;3;VD_H;VD;Hiver;2.65;1.48;1.05;1937.6;916.3;375.7;645.6
VD_H_100;3;VD_H;VD;Hiver;2.98;1.7;1.23;2879.8;1263.9;718.1;897.8
VD_H_101;3;VD_H;VD;Hiver;2.89;1.5;1.23;2517.3;1155.1;518.2;844
VD_H_102;3;VD_H;VD;Hiver;2.66;1.58;1.09;2148.9;902.4;561.3;685.2
VD_H_103;3;VD_H;VD;Hiver;2.9;1.6;1;2128.9;988;452.4;688.5
VD_H_104;3;VD_H;VD;Hiver;2.77;1.63;1.14;2500.3;1109.3;602;789
VD_H_105;3;VD_H;VD;Hiver;2.72;1.35;0.88;1588.4;611.4;416.1;560.9
VD_H_106;3;VD_H;VD;Hiver;2.98;1.73;1.32;3208.5;1449.9;782.7;975.9
VD_H_107;3;VD_H;VD;Hiver;3.17;1.86;1.33;3701.7;1752.1;747.9;1201.7
VD_H_108;3;VD_H;VD;Hiver;2.4;1.4;1.01;1554.4;705.9;401.1;447.4
VD_H_109;3;VD_H;VD;Hiver;2.61;1.52;0.94;1724.7;982.9;312.3;429.5
VD_H_110;3;VD_H;VD;Hiver;2.32;1.34;0.8;1113.2;425.8;315.1;372.3
VD_H_111;3;VD_H;VD;Hiver;3.05;1.83;1.36;3275.4;1441.2;795.1;1039.1
VD_H_112;3;VD_H;VD;Hiver;2.53;1.34;0.87;1412.4;549.3;369.1;494
VD_H_113;3;VD_H;VD;Hiver;3.05;1.84;1.38;3456.6;1642.9;753.2;1060.5
VD_H_114;3;VD_H;VD;Hiver;1.78;1.12;0.72;634.7;253.2;175.3;206.2
VD_H_115;3;VD_H;VD;Hiver;2.47;1.31;0.91;1310.7;616.4;322.4;371.9
VD_H_116;3;VD_H;VD;Hiver;2.4;1.39;0.87;1377.8;606.6;368.2;403
VD_H_117;3;VD_H;VD;Hiver;2.32;1.42;0.96;1082.3;271.5;293.7;517.1
VD_H_118;3;VD_H;VD;Hiver;3.27;1.77;1.39;3856.6;1703.8;838.8;1314
VD_H_119;3;VD_H;VD;Hiver;3.06;1.66;1.24;3010.3;1365.2;708.8;936.3
VD_H_120;3;VD_H;VD;Hiver;2.63;1.57;1.07;2030.9;969.8;515.1;546
SP_H_1;4;SP_H;SP;Hiver;;;;;;;
SP_H_2;4;SP_H;SP;Hiver;;;;;;;
SP_H_3;4;SP_H;SP;Hiver;;;;;;;
SP_H_4;4;SP_H;SP;Hiver;;;;;;;
SP_H_5;4;SP_H;SP;Hiver;;;;;;;
SP_H_6;4;SP_H;SP;Hiver;;;;;;;
SP_H_7;4;SP_H;SP;Hiver;;;;;;;
SP_H_8;4;SP_H;SP;Hiver;;;;;;;
SP_H_9;4;SP_H;SP;Hiver;;;;;;;
SP_H_10;4;SP_H;SP;Hiver;;;;;;;
SP_H_11;4;SP_H;SP;Hiver;;;;;;;
SP_H_12;4;SP_H;SP;Hiver;;;;;;;
SP_H_13;4;SP_H;SP;Hiver;;;;;;;
SP_H_14;4;SP_H;SP;Hiver;;;;;;;
SP_H_15;4;SP_H;SP;Hiver;;;;;;;
SP_H_16;4;SP_H;SP;Hiver;;;;;;;
SP_H_17;4;SP_H;SP;Hiver;;;;;;;
SP_H_18;4;SP_H;SP;Hiver;;;;;;;
SP_H_19;4;SP_H;SP;Hiver;;;;;;;
SP_H_20;4;SP_H;SP;Hiver;;;;;;;
SP_H_21;4;SP_H;SP;Hiver;;;;;;;
SP_H_22;4;SP_H;SP;Hiver;;;;;;;
SP_H_23;4;SP_H;SP;Hiver;;;;;;;
SP_H_24;4;SP_H;SP;Hiver;;;;;;;
SP_H_25;4;SP_H;SP;Hiver;;;;;;;
SP_H_26;4;SP_H;SP;Hiver;;;;;;;
SP_H_27;4;SP_H;SP;Hiver;;;;;;;
SP_H_28;4;SP_H;SP;Hiver;;;;;;;
SP_H_29;4;SP_H;SP;Hiver;;;;;;;
SP_H_30;4;SP_H;SP;Hiver;;;;;;;
SP_H_31;4;SP_H;SP;Hiver;;;;;;;
SP_H_32;4;SP_H;SP;Hiver;;;;;;;
SP_H_33;4;SP_H;SP;Hiver;;;;;;;
SP_H_34;4;SP_H;SP;Hiver;;;;;;;
SP_H_35;4;SP_H;SP;Hiver;;;;;;;
SP_H_36;4;SP_H;SP;Hiver;;;;;;;
SP_H_37;4;SP_H;SP;Hiver;;;;;;;
SP_H_38;4;SP_H;SP;Hiver;;;;;;;
SP_H_39;4;SP_H;SP;Hiver;;;;;;;
SP_H_40;4;SP_H;SP;Hiver;;;;;;;
SP_H_41;4;SP_H;SP;Hiver;;;;;;;
SP_H_42;4;SP_H;SP;Hiver;;;;;;;
SP_H_43;4;SP_H;SP;Hiver;;;;;;;
SP_H_44;4;SP_H;SP;Hiver;;;;;;;
SP_H_45;4;SP_H;SP;Hiver;;;;;;;
SP_H_46;4;SP_H;SP;Hiver;;;;;;;
SP_H_47;4;SP_H;SP;Hiver;;;;;;;
SP_H_48;4;SP_H;SP;Hiver;;;;;;;
SP_H_49;4;SP_H;SP;Hiver;;;;;;;
SP_H_50;4;SP_H;SP;Hiver;;;;;;;
SP_H_51;4;SP_H;SP;Hiver;;;;;;;
SP_H_52;4;SP_H;SP;Hiver;;;;;;;
SP_H_53;4;SP_H;SP;Hiver;;;;;;;
SP_H_54;4;SP_H;SP;Hiver;;;;;;;
SP_H_55;4;SP_H;SP;Hiver;;;;;;;
SP_H_56;4;SP_H;SP;Hiver;;;;;;;
SP_H_57;4;SP_H;SP;Hiver;;;;;;;
SP_H_58;4;SP_H;SP;Hiver;;;;;;;
SP_H_59;4;SP_H;SP;Hiver;;;;;;;
SP_H_60;4;SP_H;SP;Hiver;;;;;;;
SP_H_61;4;SP_H;SP;Hiver;;;;;;;
SP_H_62;4;SP_H;SP;Hiver;;;;;;;
SP_H_63;4;SP_H;SP;Hiver;;;;;;;
SP_H_64;4;SP_H;SP;Hiver;;;;;;;
SP_H_65;4;SP_H;SP;Hiver;;;;;;;
SP_H_66;4;SP_H;SP;Hiver;;;;;;;
SP_H_67;4;SP_H;SP;Hiver;;;;;;;
SP_H_68;4;SP_H;SP;Hiver;;;;;;;
SP_H_69;4;SP_H;SP;Hiver;;;;;;;
SP_H_70;4;SP_H;SP;Hiver;;;;;;;
SP_H_71;4;SP_H;SP;Hiver;;;;;;;
SP_H_72;4;SP_H;SP;Hiver;;;;;;;
SP_H_73;4;SP_H;SP;Hiver;;;;;;;
SP_H_74;4;SP_H;SP;Hiver;;;;;;;
SP_H_75;4;SP_H;SP;Hiver;;;;;;;
SP_H_76;4;SP_H;SP;Hiver;;;;;;;
SP_H_77;4;SP_H;SP;Hiver;;;;;;;
SP_H_78;4;SP_H;SP;Hiver;;;;;;;
SP_H_79;4;SP_H;SP;Hiver;;;;;;;
SP_H_80;4;SP_H;SP;Hiver;;;;;;;
SP_H_81;4;SP_H;SP;Hiver;;;;;;;
SP_H_82;4;SP_H;SP;Hiver;;;;;;;
SP_H_83;4;SP_H;SP;Hiver;;;;;;;
SP_H_84;4;SP_H;SP;Hiver;;;;;;;
SP_H_85;4;SP_H;SP;Hiver;;;;;;;
SP_H_86;4;SP_H;SP;Hiver;;;;;;;
SP_H_87;4;SP_H;SP;Hiver;;;;;;;
SP_H_88;4;SP_H;SP;Hiver;;;;;;;
SP_H_89;4;SP_H;SP;Hiver;;;;;;;
SP_H_90;4;SP_H;SP;Hiver;;;;;;;
SP_H_91;4;SP_H;SP;Hiver;;;;;;;
SP_H_92;4;SP_H;SP;Hiver;;;;;;;
SP_H_93;4;SP_H;SP;Hiver;;;;;;;
SP_H_94;4;SP_H;SP;Hiver;;;;;;;
SP_H_95;4;SP_H;SP;Hiver;;;;;;;
SP_H_96;4;SP_H;SP;Hiver;;;;;;;
SP_H_97;4;SP_H;SP;Hiver;;;;;;;
SP_H_98;4;SP_H;SP;Hiver;;;;;;;
SP_H_99;4;SP_H;SP;Hiver;;;;;;;
SP_H_100;4;SP_H;SP;Hiver;;;;;;;
SP_H_101;4;SP_H;SP;Hiver;;;;;;;
SP_H_102;4;SP_H;SP;Hiver;;;;;;;
SP_H_103;4;SP_H;SP;Hiver;;;;;;;
SP_H_104;4;SP_H;SP;Hiver;;;;;;;
SP_H_105;4;SP_H;SP;Hiver;;;;;;;
SP_H_106;4;SP_H;SP;Hiver;;;;;;;
SP_H_107;4;SP_H;SP;Hiver;;;;;;;
SP_H_108;4;SP_H;SP;Hiver;;;;;;;
SP_H_109;4;SP_H;SP;Hiver;;;;;;;
SP_H_110;4;SP_H;SP;Hiver;;;;;;;
SP_H_111;4;SP_H;SP;Hiver;;;;;;;
SP_H_112;4;SP_H;SP;Hiver;;;;;;;
SP_H_113;4;SP_H;SP;Hiver;;;;;;;
SP_H_114;4;SP_H;SP;Hiver;;;;;;;
SP_H_115;4;SP_H;SP;Hiver;;;;;;;
SP_H_116;4;SP_H;SP;Hiver;;;;;;;
SP_H_117;4;SP_H;SP;Hiver;;;;;;;
SP_H_118;4;SP_H;SP;Hiver;;;;;;;
SP_H_119;4;SP_H;SP;Hiver;;;;;;;
SP_H_120;4;SP_H;SP;Hiver;;;;;;;
